27.09329960267603,3.161041045798973,3.37303518143988,2,3,0.689466339705545,0.758850746092115,0.957226408323951,0.964209526808161,20 x 20 dense matrix over Integer Ring (type 'print HeuristicPolicy.str()' to see all of the entries),0.804711274897667,0.792800741086222,20 x 20 dense matrix over Integer Ring (type 'print indepPolicy.str()' to see all of the entries),0.771626051996351,0.765027760910528,21 x 21 dense matrix over Integer Ring,0.901347212616401,0.877912686636874,"(2, 2, 2, 2, 2, 2, 2, 2, 2, 2, 2, 2, 0, 2, 2, 2, 2, 2, 2, 2)"
32.907707495148706,3.5888639816286485,2.5898234363056503,3,3,0.526022880880359,0.787327119988624,0.939674628758750,0.940043264302560,20 x 20 dense matrix over Integer Ring (type 'print HeuristicPolicy.str()' to see all of the entries),0.883686304694748,0.932193905694019,20 x 20 dense matrix over Integer Ring (type 'print indepPolicy.str()' to see all of the entries),0.767873359591534,0.762414934581569,21 x 21 dense matrix over Integer Ring,0.840127733217502,0.858652827701435,"(2, 1, 2, 2, 2, 2, 2, 2, 2, 2, 2, 2, 2, 2, 1, 2, 0, 2, 2, 2)"
23.603925888124564,4.519744411432644,3.0047436747107374,3,4,0.628867529131429,0.700001903153004,0.648290442172563,0.708999489218014,20 x 20 dense matrix over Integer Ring (type 'print HeuristicPolicy.str()' to see all of the entries),0.631809341669315,0.664368939530674,20 x 20 dense matrix over Integer Ring (type 'print indepPolicy.str()' to see all of the entries),0.497975077694092,0.502146408595018,21 x 21 dense matrix over Integer Ring,0.637762804448993,0.616641677201914,"(2, 1, 2, 2, 2, 2, 2, 2, 2, 2, 2, 2, 2, 0, 2, 2, 0, 2, 2, 2)"
45.95139038383489,4.249596361522334,4.623527516165703,2,4,0.760265585530412,0.559825419399848,0.898831630943033,0.910401219273660,20 x 20 dense matrix over Integer Ring (type 'print HeuristicPolicy.str()' to see all of the entries),0.759583416664281,0.762869758257227,20 x 20 dense matrix over Integer Ring (type 'print indepPolicy.str()' to see all of the entries),0.702368737100999,0.705115726448870,21 x 21 dense matrix over Integer Ring,0.831589173554909,0.813366322525633,"(2, 2, 2, 2, 0, 0, 2, 2, 2, 2, 2, 2, 2, 0, 2, 2, 2, 2, 2, 2)"
33.70672811395037,4.62997342486443,4.602664452938793,4,2,0.635398067118388,0.555331992188448,0.778259979887537,0.767922748611563,20 x 20 dense matrix over Integer Ring (type 'print HeuristicPolicy.str()' to see all of the entries),0.759841652648433,0.763623749390308,20 x 20 dense matrix over Integer Ring (type 'print indepPolicy.str()' to see all of the entries),0.567268158671196,0.573826445810178,21 x 21 dense matrix over Integer Ring,0.653334525376931,0.654280943352598,"(2, 2, 2, 2, 2, 2, 2, 2, 2, 2, 2, 2, 2, 2, 2, 2, 2, 2, 2, 2)"
45.2192807644227,2.072936838219625,3.3214861752767315,4,4,0.512457451608408,0.585224072372990,0.794821809293041,0.791531618437600,20 x 20 dense matrix over Integer Ring (type 'print HeuristicPolicy.str()' to see all of the entries),0.694929084707785,0.690568185586499,20 x 20 dense matrix over Integer Ring (type 'print indepPolicy.str()' to see all of the entries),0.691267803402243,0.692996432442821,21 x 21 dense matrix over Integer Ring,0.743093091325769,0.747888769425854,"(2, 1, 2, 2, 2, 2, 2, 2, 0, 2, 2, 2, 2, 0, 0, 0, 2, 2, 2, 1)"
31.776423119967134,4.4653233287818574,3.9775364272373124,3,3,0.695919114301895,0.797642205591238,1.10205843647983,1.01392876994710,20 x 20 dense matrix over Integer Ring (type 'print HeuristicPolicy.str()' to see all of the entries),1.13374119958774,1.00168284958195,20 x 20 dense matrix over Integer Ring (type 'print indepPolicy.str()' to see all of the entries),0.668286068656940,0.671557244431647,21 x 21 dense matrix over Integer Ring,0.831101207807558,0.829102387894163,"(2, 2, 1, 2, 2, 2, 2, 2, 2, 0, 2, 2, 2, 2, 2, 1, 2, 2, 2, 0)"
36.04244191770235,2.4020940645939266,4.884805480896706,2,4,0.631862724929081,0.706684277365586,0.734103793093775,0.747875178586187,20 x 20 dense matrix over Integer Ring (type 'print HeuristicPolicy.str()' to see all of the entries),0.651942091322345,0.664556635474391,20 x 20 dense matrix over Integer Ring (type 'print indepPolicy.str()' to see all of the entries),0.643025531209025,0.654827399264515,21 x 21 dense matrix over Integer Ring,0.798937184953640,0.833216604551794,"(0, 1, 2, 2, 2, 2, 2, 2, 2, 2, 2, 2, 1, 2, 2, 2, 2, 2, 2, 0)"
32.9464004181026,2.80496635818134,3.521404266128229,4,3,0.731087464808108,0.762209328567527,0.972417565009247,0.958811474842041,20 x 20 dense matrix over Integer Ring (type 'print HeuristicPolicy.str()' to see all of the entries),0.924789444057837,0.987194407204187,20 x 20 dense matrix over Integer Ring (type 'print indepPolicy.str()' to see all of the entries),0.777029066070812,0.781516108972526,21 x 21 dense matrix over Integer Ring,0.898927897432705,0.889476515929300,"(1, 2, 2, 2, 2, 2, 2, 2, 2, 2, 2, 2, 2, 0, 0, 2, 2, 2, 2, 1)"
40.61351048341301,4.905919580392238,2.9318593030072537,2,3,0.563634601063345,0.739181379177323,0.970092910520843,0.938593138991095,20 x 20 dense matrix over Integer Ring (type 'print HeuristicPolicy.str()' to see all of the entries),0.883113547366227,0.893883415031784,20 x 20 dense matrix over Integer Ring (type 'print indepPolicy.str()' to see all of the entries),0.811293311648536,0.821068314544657,21 x 21 dense matrix over Integer Ring,0.893466763483444,0.913946612264782,"(2, 2, 2, 2, 2, 2, 2, 2, 2, 0, 0, 2, 2, 2, 2, 1, 2, 2, 2, 0)"
21.932757623398306,4.86387616072365,2.4281969726813633,3,3,0.628176745533524,0.559993809119789,0.766613764627728,0.766263070360000,20 x 20 dense matrix over Integer Ring (type 'print HeuristicPolicy.str()' to see all of the entries),0.759168207054009,0.761649450135841,20 x 20 dense matrix over Integer Ring (type 'print indepPolicy.str()' to see all of the entries),0.524236743044322,0.532502714016512,21 x 21 dense matrix over Integer Ring,0.594851981511082,0.611140569441396,"(1, 2, 2, 2, 2, 2, 2, 2, 2, 2, 2, 2, 2, 2, 2, 2, 2, 2, 2, 2)"
22.298028897360524,3.4814252756296424,4.965284530148006,4,2,0.712903837698406,0.769410875170059,0.925091674834624,0.899391668123175,20 x 20 dense matrix over Integer Ring (type 'print HeuristicPolicy.str()' to see all of the entries),0.897464689406424,0.880685715846664,20 x 20 dense matrix over Integer Ring (type 'print indepPolicy.str()' to see all of the entries),0.556257717229229,0.562252081847734,21 x 21 dense matrix over Integer Ring,0.716134725812437,0.712629530335232,"(1, 2, 2, 2, 2, 2, 2, 2, 2, 2, 2, 2, 2, 2, 2, 2, 1, 2, 2, 2)"
46.43985851571021,2.847301731741742,3.0566001500029363,3,2,0.604775654647733,0.521373393857152,0.881057222441627,0.884158790707196,20 x 20 dense matrix over Integer Ring (type 'print HeuristicPolicy.str()' to see all of the entries),0.860692324309214,0.859113729336836,20 x 20 dense matrix over Integer Ring (type 'print indepPolicy.str()' to see all of the entries),0.827289956912328,0.839761093924041,21 x 21 dense matrix over Integer Ring,0.856014948642945,0.844835013142768,"(2, 2, 2, 2, 0, 2, 2, 2, 2, 0, 2, 2, 0, 2, 0, 2, 2, 0, 1, 2)"
44.41791787825662,3.361232171055293,4.218633883970251,3,2,0.588723728882694,0.528379001518378,0.856097729346226,0.853121213412235,20 x 20 dense matrix over Integer Ring (type 'print HeuristicPolicy.str()' to see all of the entries),0.832025681863883,0.849391144337409,20 x 20 dense matrix over Integer Ring (type 'print indepPolicy.str()' to see all of the entries),0.735743037056266,0.737982482521115,21 x 21 dense matrix over Integer Ring,0.788373985017614,0.784900581229986,"(1, 2, 2, 2, 1, 2, 2, 0, 0, 2, 2, 0, 2, 2, 2, 2, 2, 0, 0, 2)"
44.643845270109324,3.3972709875030276,4.4288532783786465,3,2,0.614197707898686,0.600811936152407,0.922425494028528,0.907302780195411,20 x 20 dense matrix over Integer Ring (type 'print HeuristicPolicy.str()' to see all of the entries),0.904794235066011,0.913934586712060,20 x 20 dense matrix over Integer Ring (type 'print indepPolicy.str()' to see all of the entries),0.784044714143332,0.790068501805824,21 x 21 dense matrix over Integer Ring,0.851622499927269,0.845911153198678,"(1, 2, 2, 2, 1, 1, 2, 2, 2, 2, 2, 2, 1, 2, 2, 2, 1, 2, 2, 2)"
41.207269364779265,2.289706677346807,3.716307203627959,2,2,0.584905370206675,0.598864998375609,0.901132746863613,0.892941417261705,20 x 20 dense matrix over Integer Ring (type 'print HeuristicPolicy.str()' to see all of the entries),0.886817931332669,0.892273127392514,20 x 20 dense matrix over Integer Ring (type 'print indepPolicy.str()' to see all of the entries),0.872338535794179,0.879479742997885,21 x 21 dense matrix over Integer Ring,0.916583778400092,0.919387851331898,"(0, 2, 1, 0, 0, 0, 0, 0, 0, 0, 1, 2, 2, 2, 0, 2, 2, 0, 0, 0)"
22.62426405159711,3.618512431089949,2.9582345752078583,2,2,0.657247505823516,0.578984032320492,0.835529353050496,0.838441237488931,20 x 20 dense matrix over Integer Ring (type 'print HeuristicPolicy.str()' to see all of the entries),0.784373303694845,0.772453506159267,20 x 20 dense matrix over Integer Ring (type 'print indepPolicy.str()' to see all of the entries),0.715842868909751,0.721401885122654,21 x 21 dense matrix over Integer Ring,0.781737880213182,0.782435174829696,"(2, 1, 2, 0, 1, 2, 2, 2, 1, 2, 2, 1, 2, 2, 2, 2, 2, 2, 0, 2)"
31.83194961996019,2.5353214707156946,3.080432793085726,4,3,0.613879957193089,0.589640277205473,0.823024713195575,0.854552923840564,20 x 20 dense matrix over Integer Ring (type 'print HeuristicPolicy.str()' to see all of the entries),0.798497078043945,0.821634034741377,20 x 20 dense matrix over Integer Ring (type 'print indepPolicy.str()' to see all of the entries),0.688587927791919,0.691756425461068,21 x 21 dense matrix over Integer Ring,0.748037569885654,0.749636725498913,"(1, 2, 2, 2, 2, 1, 2, 2, 2, 2, 2, 2, 2, 2, 1, 2, 0, 2, 2, 0)"
24.045125202687053,3.317509014706603,3.5638813161021257,3,3,0.582764394369538,0.610857380301319,0.849170348680200,0.808213645772924,20 x 20 dense matrix over Integer Ring (type 'print HeuristicPolicy.str()' to see all of the entries),0.790491341632978,0.776155535626942,20 x 20 dense matrix over Integer Ring (type 'print indepPolicy.str()' to see all of the entries),0.542403568539808,0.534541696410175,21 x 21 dense matrix over Integer Ring,0.642229514900095,0.649630594450972,"(1, 2, 2, 2, 2, 2, 2, 2, 1, 2, 2, 2, 0, 0, 0, 2, 2, 2, 2, 2)"
25.855897831300716,4.297680563464513,2.7422055792570412,2,2,0.791115727834581,0.653549618738278,0.892687319135195,0.887014572493529,20 x 20 dense matrix over Integer Ring (type 'print HeuristicPolicy.str()' to see all of the entries),0.870275944978616,0.895367394459213,20 x 20 dense matrix over Integer Ring (type 'print indepPolicy.str()' to see all of the entries),0.852926141146366,0.873096720336872,21 x 21 dense matrix over Integer Ring,0.935332235372894,0.940545104191139,"(2, 2, 2, 2, 2, 2, 2, 2, 2, 2, 2, 2, 2, 2, 2, 2, 2, 2, 2, 2)"
30.24527580712313,4.722967690370911,2.730888676278366,3,3,0.585241629492365,0.606318696575370,0.835032680326134,0.835927291021175,20 x 20 dense matrix over Integer Ring (type 'print HeuristicPolicy.str()' to see all of the entries),0.824735603127462,0.808274116517899,20 x 20 dense matrix over Integer Ring (type 'print indepPolicy.str()' to see all of the entries),0.613091559375941,0.602550812933581,21 x 21 dense matrix over Integer Ring,0.685064287098125,0.702914019096862,"(2, 2, 2, 2, 2, 2, 2, 2, 2, 2, 2, 2, 0, 2, 2, 0, 2, 2, 2, 2)"
33.905231600240405,3.822746698158252,4.656838643668325,3,3,0.712684159810710,0.594633663258161,0.941127517978745,0.998943336686607,20 x 20 dense matrix over Integer Ring (type 'print HeuristicPolicy.str()' to see all of the entries),0.969265361443693,0.913563389503539,20 x 20 dense matrix over Integer Ring (type 'print indepPolicy.str()' to see all of the entries),0.610866795692264,0.608647926301951,21 x 21 dense matrix over Integer Ring,0.746914983971542,0.775927616620857,"(2, 2, 2, 2, 2, 2, 2, 2, 0, 2, 2, 2, 1, 1, 2, 2, 0, 0, 2, 2)"
32.256639637476816,3.3881834108727147,2.1422355091552587,2,3,0.550781821373076,0.600978737237416,0.879927410807971,0.893017445143643,20 x 20 dense matrix over Integer Ring (type 'print HeuristicPolicy.str()' to see all of the entries),0.805777891240214,0.805137935947097,20 x 20 dense matrix over Integer Ring (type 'print indepPolicy.str()' to see all of the entries),0.782120279438608,0.785468865182750,21 x 21 dense matrix over Integer Ring,0.817249446749407,0.819192546874281,"(1, 2, 2, 2, 2, 2, 0, 0, 2, 1, 1, 2, 2, 2, 2, 1, 2, 2, 2, 1)"
41.20758166774806,2.2172339674366035,3.020932513737783,4,2,0.707523214142542,0.635199507404646,1.03179239660116,1.03634699534695,20 x 20 dense matrix over Integer Ring (type 'print HeuristicPolicy.str()' to see all of the entries),1.01473866246820,1.00410814325257,20 x 20 dense matrix over Integer Ring (type 'print indepPolicy.str()' to see all of the entries),0.946650490437843,0.941800061437582,21 x 21 dense matrix over Integer Ring,0.985957785601518,1.01050054690524,"(2, 2, 2, 2, 2, 2, 2, 0, 1, 2, 2, 2, 2, 2, 1, 2, 1, 2, 2, 2)"
38.28199875787283,4.7444714781069806,4.5941509539275485,2,4,0.619076178538695,0.663490731440049,0.825319149539784,0.809005292819896,20 x 20 dense matrix over Integer Ring (type 'print HeuristicPolicy.str()' to see all of the entries),0.645085813581930,0.647435951247575,20 x 20 dense matrix over Integer Ring (type 'print indepPolicy.str()' to see all of the entries),0.586213085346038,0.575499543973741,21 x 21 dense matrix over Integer Ring,0.742268280122014,0.731199062070352,"(1, 2, 2, 2, 2, 1, 2, 2, 2, 2, 1, 2, 2, 2, 2, 2, 2, 2, 2, 2)"
30.52461805708956,4.055964402786321,4.640053715516494,2,4,0.545944321410820,0.629789090322950,0.678770109194714,0.676476562924797,20 x 20 dense matrix over Integer Ring (type 'print HeuristicPolicy.str()' to see all of the entries),0.528366639794695,0.525541515093093,20 x 20 dense matrix over Integer Ring (type 'print indepPolicy.str()' to see all of the entries),0.480088738914480,0.477197138793820,21 x 21 dense matrix over Integer Ring,0.627462329123716,0.618048706141665,"(2, 2, 2, 2, 2, 2, 2, 2, 2, 2, 2, 2, 2, 2, 2, 2, 2, 2, 2, 2)"
35.44564447976491,2.731169494471937,4.562528849791896,4,3,0.749724455571980,0.532223586599766,0.780899486823179,0.778736228569219,20 x 20 dense matrix over Integer Ring (type 'print HeuristicPolicy.str()' to see all of the entries),0.780899486823179,0.786667937311706,20 x 20 dense matrix over Integer Ring (type 'print indepPolicy.str()' to see all of the entries),0.649315611643096,0.649048817599184,21 x 21 dense matrix over Integer Ring,0.756594348614980,0.740204080762890,"(2, 2, 2, 2, 2, 0, 2, 2, 2, 2, 2, 2, 1, 2, 1, 2, 2, 0, 1, 0)"
45.96286686682279,4.124407947646532,3.0505368074217643,3,3,0.766107227569267,0.653713108001152,1.02604844945326,1.05678645590234,20 x 20 dense matrix over Integer Ring (type 'print HeuristicPolicy.str()' to see all of the entries),0.999559316354681,1.06248536319192,20 x 20 dense matrix over Integer Ring (type 'print indepPolicy.str()' to see all of the entries),0.879335221481630,0.882317643911143,21 x 21 dense matrix over Integer Ring,0.966976381829383,0.992302173152803,"(0, 1, 2, 2, 2, 2, 2, 2, 1, 0, 2, 1, 2, 2, 2, 2, 2, 2, 2, 2)"
40.846735440273314,4.276583787071143,3.0772290460662433,3,3,0.520315880195787,0.533706748474052,0.815228240014853,0.800853350067320,20 x 20 dense matrix over Integer Ring (type 'print HeuristicPolicy.str()' to see all of the entries),0.766209818408053,0.770452784591813,20 x 20 dense matrix over Integer Ring (type 'print indepPolicy.str()' to see all of the entries),0.632002011662327,0.634792095056424,21 x 21 dense matrix over Integer Ring,0.684384568253669,0.675037883210024,"(2, 2, 2, 2, 2, 2, 2, 2, 2, 2, 2, 2, 2, 2, 2, 1, 2, 2, 2, 2)"
37.31230563404727,4.936471906521625,2.6798335803677586,4,4,0.622471301803773,0.642350402520167,0.647983681410983,0.646648803450886,20 x 20 dense matrix over Integer Ring (type 'print HeuristicPolicy.str()' to see all of the entries),0.635940476044776,0.638794976656538,20 x 20 dense matrix over Integer Ring (type 'print indepPolicy.str()' to see all of the entries),0.608809938555187,0.597355818610314,21 x 21 dense matrix over Integer Ring,0.696298842525498,0.698350036945666,"(1, 2, 2, 2, 2, 2, 2, 2, 2, 2, 2, 2, 2, 2, 2, 2, 2, 2, 2, 2)"
31.014061125165615,3.29179136612415,3.729439908522693,3,2,0.520010682665800,0.581751693017065,0.789877948969738,0.803166975098387,20 x 20 dense matrix over Integer Ring (type 'print HeuristicPolicy.str()' to see all of the entries),0.761509269349351,0.774341220206816,20 x 20 dense matrix over Integer Ring (type 'print indepPolicy.str()' to see all of the entries),0.651789987590754,0.649046099896509,21 x 21 dense matrix over Integer Ring,0.706749048775614,0.689970609044848,"(1, 2, 2, 1, 2, 2, 2, 2, 2, 2, 2, 2, 0, 1, 2, 2, 2, 2, 2, 2)"
31.242715830318446,4.227134936409639,3.040220926491376,4,4,0.733715048530263,0.590400265179945,0.669369489108279,0.741949162829017,20 x 20 dense matrix over Integer Ring (type 'print HeuristicPolicy.str()' to see all of the entries),0.663420386408240,0.726695790630177,20 x 20 dense matrix over Integer Ring (type 'print indepPolicy.str()' to see all of the entries),0.566833738777373,0.567637497942757,21 x 21 dense matrix over Integer Ring,0.685914294623945,0.677414432825336,"(2, 2, 2, 2, 2, 2, 2, 2, 2, 0, 2, 2, 2, 2, 2, 2, 2, 2, 2, 2)"
27.68555503758741,3.8640839064845114,4.440440747961594,3,4,0.650480062043225,0.521651447009189,0.653204466626199,0.698811411959800,20 x 20 dense matrix over Integer Ring (type 'print HeuristicPolicy.str()' to see all of the entries),0.612988303996845,0.617217588962352,20 x 20 dense matrix over Integer Ring (type 'print indepPolicy.str()' to see all of the entries),0.432190485409883,0.417814900349620,21 x 21 dense matrix over Integer Ring,0.568922794264135,0.569904611731217,"(2, 2, 2, 2, 2, 2, 2, 2, 2, 2, 0, 2, 2, 2, 2, 2, 2, 0, 0, 0)"
25.472892619446633,4.909775083640913,2.4458884844748856,3,3,0.617280548330412,0.507916082136942,0.726324573358803,0.735708343222035,20 x 20 dense matrix over Integer Ring (type 'print HeuristicPolicy.str()' to see all of the entries),0.720441450219364,0.733175529871256,20 x 20 dense matrix over Integer Ring (type 'print indepPolicy.str()' to see all of the entries),0.544212681091986,0.553203106090070,21 x 21 dense matrix over Integer Ring,0.602904570641059,0.591448939522896,"(1, 2, 2, 2, 2, 2, 2, 2, 2, 2, 2, 2, 0, 2, 2, 2, 2, 2, 2, 2)"
22.92508582219103,2.5350228970494717,3.279409703857917,4,4,0.581393379338483,0.691197984378775,0.668942853235684,0.686719077726095,20 x 20 dense matrix over Integer Ring (type 'print HeuristicPolicy.str()' to see all of the entries),0.524182808283380,0.523015288785458,20 x 20 dense matrix over Integer Ring (type 'print indepPolicy.str()' to see all of the entries),0.515514460515119,0.519310517885360,21 x 21 dense matrix over Integer Ring,0.631712585199299,0.645717607979825,"(2, 2, 2, 2, 2, 2, 2, 2, 2, 2, 2, 2, 2, 2, 2, 2, 2, 2, 2, 2)"
42.00197375463184,3.25541258592057,3.5131846990000386,4,3,0.621440444550942,0.588519875639004,0.834051121061651,0.888458816395468,20 x 20 dense matrix over Integer Ring (type 'print HeuristicPolicy.str()' to see all of the entries),0.810677852687492,0.854958716997646,20 x 20 dense matrix over Integer Ring (type 'print indepPolicy.str()' to see all of the entries),0.703076821916666,0.711904485792989,21 x 21 dense matrix over Integer Ring,0.775141215109615,0.785562552748545,"(1, 2, 2, 2, 2, 2, 0, 2, 2, 2, 2, 2, 2, 2, 2, 2, 2, 2, 2, 2)"
45.47024952857277,3.870956165619975,2.25145943307887,2,4,0.601924667167470,0.645880870355821,1.02886693746639,1.04343269878517,20 x 20 dense matrix over Integer Ring (type 'print HeuristicPolicy.str()' to see all of the entries),0.877583392881228,0.878170893912828,20 x 20 dense matrix over Integer Ring (type 'print indepPolicy.str()' to see all of the entries),0.859940462791123,0.861735481714253,21 x 21 dense matrix over Integer Ring,0.911923069308988,0.927004166376565,"(2, 1, 1, 2, 2, 2, 2, 0, 0, 0, 2, 2, 2, 2, 2, 2, 1, 2, 2, 2)"
23.59387370573555,4.574409356691262,4.856391064024766,3,3,0.720889182590810,0.581713886059859,0.716680819982499,0.771293765287517,20 x 20 dense matrix over Integer Ring (type 'print HeuristicPolicy.str()' to see all of the entries),0.717914195234630,0.762559814624695,20 x 20 dense matrix over Integer Ring (type 'print indepPolicy.str()' to see all of the entries),0.419635637107455,0.428790292872313,21 x 21 dense matrix over Integer Ring,0.592323351589042,0.582156222314310,"(2, 2, 2, 2, 1, 2, 2, 2, 2, 2, 2, 2, 0, 2, 2, 2, 2, 2, 1, 2)"
33.00593319370569,4.993763330264979,3.293081659573054,3,3,0.683934199766322,0.769748027007774,1.11174477014401,1.00054622689587,20 x 20 dense matrix over Integer Ring (type 'print HeuristicPolicy.str()' to see all of the entries),1.12351638373266,1.00253933217010,20 x 20 dense matrix over Integer Ring (type 'print indepPolicy.str()' to see all of the entries),0.701765068656835,0.700758723196805,21 x 21 dense matrix over Integer Ring,0.829152702502061,0.823421136647025,"(2, 1, 2, 2, 2, 2, 2, 2, 2, 2, 2, 2, 2, 2, 2, 2, 2, 2, 2, 2)"
34.36090870821985,2.3929681150660524,4.640145246759827,2,4,0.654482140278859,0.644121514603919,0.730421009556158,0.744940197339214,20 x 20 dense matrix over Integer Ring (type 'print HeuristicPolicy.str()' to see all of the entries),0.654103382212898,0.661274690830829,20 x 20 dense matrix over Integer Ring (type 'print indepPolicy.str()' to see all of the entries),0.637862462063755,0.650924432288421,21 x 21 dense matrix over Integer Ring,0.773231536809103,0.773111073567081,"(2, 2, 2, 2, 2, 2, 2, 2, 2, 0, 2, 2, 2, 2, 2, 2, 2, 2, 2, 2)"
36.077402648104524,4.316080592328596,3.836992768078214,2,2,0.653987218731110,0.538559461826389,0.883099476795406,0.887140182471692,20 x 20 dense matrix over Integer Ring (type 'print HeuristicPolicy.str()' to see all of the entries),0.841240512539165,0.848206897711317,20 x 20 dense matrix over Integer Ring (type 'print indepPolicy.str()' to see all of the entries),0.752526160076458,0.747470256580810,21 x 21 dense matrix over Integer Ring,0.821326299753596,0.825129118427361,"(2, 2, 2, 0, 0, 0, 2, 0, 0, 0, 2, 0, 0, 2, 2, 2, 0, 2, 2, 2)"
20.67027770359997,3.3008365905969876,2.4485354487077986,3,2,0.672491847586720,0.500140803132399,0.735156802244098,0.737663373576042,20 x 20 dense matrix over Integer Ring (type 'print HeuristicPolicy.str()' to see all of the entries),0.696078551251128,0.695631200523301,20 x 20 dense matrix over Integer Ring (type 'print indepPolicy.str()' to see all of the entries),0.642096473271739,0.621643787992947,21 x 21 dense matrix over Integer Ring,0.683358875581405,0.673321502122390,"(1, 2, 2, 2, 2, 2, 2, 2, 2, 2, 2, 2, 2, 2, 2, 2, 2, 2, 2, 1)"
38.02683909924633,4.4742777808533205,4.703417755761709,2,2,0.630037652437623,0.727890051924642,1.00190293882983,0.983991092895575,20 x 20 dense matrix over Integer Ring (type 'print HeuristicPolicy.str()' to see all of the entries),0.957440878494433,0.952046644861241,20 x 20 dense matrix over Integer Ring (type 'print indepPolicy.str()' to see all of the entries),0.805831364767895,0.814282447365592,21 x 21 dense matrix over Integer Ring,0.915850582075774,0.926443530192826,"(2, 2, 1, 2, 2, 0, 0, 2, 2, 1, 2, 2, 1, 2, 0, 2, 2, 1, 1, 1)"
28.19092431755856,3.7503541489753793,3.3717884106808835,2,2,0.535384980404434,0.621992603933085,0.827051836898454,0.833984259654642,20 x 20 dense matrix over Integer Ring (type 'print HeuristicPolicy.str()' to see all of the entries),0.778482908890929,0.786313126287990,20 x 20 dense matrix over Integer Ring (type 'print indepPolicy.str()' to see all of the entries),0.707039443370809,0.718866353323213,21 x 21 dense matrix over Integer Ring,0.768879058684422,0.756095681246876,"(2, 2, 2, 2, 2, 2, 2, 2, 2, 2, 2, 0, 2, 2, 2, 1, 2, 2, 2, 2)"
47.32981808120957,4.54660262812398,4.04504383400449,2,3,0.699968485384032,0.632486080021565,1.00825593527354,1.00164523782198,20 x 20 dense matrix over Integer Ring (type 'print HeuristicPolicy.str()' to see all of the entries),0.892098467910555,0.866694767256306,20 x 20 dense matrix over Integer Ring (type 'print indepPolicy.str()' to see all of the entries),0.816197850972238,0.826544944541545,21 x 21 dense matrix over Integer Ring,0.919873534079067,0.894891794495080,"(1, 2, 2, 1, 2, 2, 2, 0, 0, 2, 1, 1, 0, 2, 0, 2, 2, 2, 0, 0)"
24.433432289739248,3.0710100951822845,2.1125146821457075,4,2,0.724953112473388,0.669725026885800,0.855957328254112,0.854236157469670,20 x 20 dense matrix over Integer Ring (type 'print HeuristicPolicy.str()' to see all of the entries),0.827277325961392,0.823555337285906,20 x 20 dense matrix over Integer Ring (type 'print indepPolicy.str()' to see all of the entries),0.790564464862972,0.783255829355582,21 x 21 dense matrix over Integer Ring,0.832308046417910,0.831926183187068,"(2, 2, 2, 2, 2, 2, 2, 2, 2, 2, 2, 2, 2, 2, 2, 2, 2, 2, 2, 2)"
33.812290404881146,2.123900212511047,4.557192357925775,4,3,0.546900890770782,0.730727131090840,0.916494164595596,0.932688593139850,20 x 20 dense matrix over Integer Ring (type 'print HeuristicPolicy.str()' to see all of the entries),0.915813282582829,0.930735604824373,20 x 20 dense matrix over Integer Ring (type 'print indepPolicy.str()' to see all of the entries),0.656741281368237,0.656593397317796,21 x 21 dense matrix over Integer Ring,0.771703108199209,0.758743072443015,"(2, 1, 2, 2, 2, 2, 2, 2, 2, 2, 2, 2, 2, 2, 2, 2, 2, 0, 2, 1)"
32.9518021226681,4.134158613545452,3.8310773469081267,2,4,0.620833677651247,0.754149629492332,0.886532342081095,0.876122534192627,20 x 20 dense matrix over Integer Ring (type 'print HeuristicPolicy.str()' to see all of the entries),0.686442712056878,0.679132348983979,20 x 20 dense matrix over Integer Ring (type 'print indepPolicy.str()' to see all of the entries),0.640609433487803,0.645710667281398,21 x 21 dense matrix over Integer Ring,0.801284562788513,0.818127453441630,"(2, 2, 2, 2, 2, 2, 2, 2, 2, 2, 2, 2, 0, 2, 0, 2, 1, 2, 2, 0)"
25.17766837948055,4.216857266439139,4.68221938231636,3,3,0.531453756700128,0.506612150390631,0.749418174593633,0.796798777719155,20 x 20 dense matrix over Integer Ring (type 'print HeuristicPolicy.str()' to see all of the entries),0.727709356613069,0.726824320037938,20 x 20 dense matrix over Integer Ring (type 'print indepPolicy.str()' to see all of the entries),0.396325165311416,0.387942044789013,21 x 21 dense matrix over Integer Ring,0.503829019589687,0.500051362968370,"(2, 1, 2, 2, 2, 2, 2, 2, 2, 2, 2, 2, 1, 2, 2, 0, 1, 2, 1, 2)"
32.05578933568164,3.8241590577817517,3.4839855822807513,2,3,0.525272921726951,0.654108034065124,0.816185829742380,0.817595286891002,20 x 20 dense matrix over Integer Ring (type 'print HeuristicPolicy.str()' to see all of the entries),0.800854551188674,0.802028467690110,20 x 20 dense matrix over Integer Ring (type 'print indepPolicy.str()' to see all of the entries),0.664710520905834,0.671037562480366,21 x 21 dense matrix over Integer Ring,0.753767028371163,0.720841616851343,"(1, 2, 1, 2, 2, 2, 2, 2, 2, 0, 2, 0, 0, 0, 2, 0, 2, 2, 1, 2)"
37.69489190119107,3.939521326497389,2.72526861175529,4,2,0.647233326117926,0.644526544156488,0.869643898960952,0.884903719275259,20 x 20 dense matrix over Integer Ring (type 'print HeuristicPolicy.str()' to see all of the entries),0.852397751385751,0.860146183901747,20 x 20 dense matrix over Integer Ring (type 'print indepPolicy.str()' to see all of the entries),0.781381304950438,0.780119576728960,21 x 21 dense matrix over Integer Ring,0.826652690300592,0.812144645779719,"(2, 2, 2, 0, 2, 2, 2, 2, 2, 2, 2, 2, 2, 2, 1, 2, 2, 2, 2, 2)"
37.21939403066688,3.359401998068478,2.4833892129924395,3,2,0.685882974794447,0.671298018649329,0.981392368997610,0.993186840567283,20 x 20 dense matrix over Integer Ring (type 'print HeuristicPolicy.str()' to see all of the entries),0.957235765982876,0.966665399648313,20 x 20 dense matrix over Integer Ring (type 'print indepPolicy.str()' to see all of the entries),0.922586218292391,0.915000805838891,21 x 21 dense matrix over Integer Ring,0.966498706445199,0.978978894792361,"(2, 2, 2, 2, 2, 2, 2, 2, 2, 2, 2, 2, 2, 2, 1, 0, 2, 2, 2, 2)"
26.007425965827437,4.738073061934106,4.520004187058972,3,4,0.526663083833641,0.663343463805653,0.638648846578016,0.676262399674645,20 x 20 dense matrix over Integer Ring (type 'print HeuristicPolicy.str()' to see all of the entries),0.643619018420451,0.685743202206611,20 x 20 dense matrix over Integer Ring (type 'print indepPolicy.str()' to see all of the entries),0.363143044308304,0.354451759020798,21 x 21 dense matrix over Integer Ring,0.530842624001601,0.527062394410280,"(2, 1, 2, 2, 2, 2, 2, 0, 2, 2, 2, 2, 2, 2, 2, 2, 2, 2, 0, 1)"
44.83347535019806,3.2585995748827443,2.9697912608231487,3,2,0.592087046169088,0.764477741332514,1.03669402140193,1.06244415912874,20 x 20 dense matrix over Integer Ring (type 'print HeuristicPolicy.str()' to see all of the entries),1.01894712202538,1.03005704874076,20 x 20 dense matrix over Integer Ring (type 'print indepPolicy.str()' to see all of the entries),0.954618859403784,0.950422872838529,21 x 21 dense matrix over Integer Ring,1.00447006566467,1.00172856025350,"(0, 2, 2, 2, 1, 2, 2, 2, 0, 2, 2, 2, 2, 0, 2, 2, 0, 0, 2, 0)"
29.983642201639725,2.475899409436447,2.5320039402025314,3,2,0.656227692736185,0.785852646440630,1.04140882119936,1.05206849357809,20 x 20 dense matrix over Integer Ring (type 'print HeuristicPolicy.str()' to see all of the entries),1.01923798811455,1.02288216969469,20 x 20 dense matrix over Integer Ring (type 'print indepPolicy.str()' to see all of the entries),0.966515396757918,0.962342434450258,21 x 21 dense matrix over Integer Ring,1.01797448722408,1.05097191266773,"(1, 2, 2, 2, 2, 1, 2, 2, 0, 0, 2, 2, 2, 2, 2, 2, 2, 2, 2, 1)"
31.32208953316122,4.344405609294808,3.814638599788056,2,3,0.661580064895234,0.695039361169224,1.00208417521378,0.936226925060493,20 x 20 dense matrix over Integer Ring (type 'print HeuristicPolicy.str()' to see all of the entries),0.920047931803788,0.928385847876596,20 x 20 dense matrix over Integer Ring (type 'print indepPolicy.str()' to see all of the entries),0.694258081677567,0.686385373738744,21 x 21 dense matrix over Integer Ring,0.825814918286711,0.840758728569178,"(1, 2, 2, 2, 0, 2, 2, 2, 2, 1, 0, 2, 2, 2, 2, 1, 2, 2, 0, 1)"
20.272088490399014,3.668159630716434,2.0473032468422856,3,3,0.709508969791282,0.730981580843356,0.873034118960741,0.863298778190107,20 x 20 dense matrix over Integer Ring (type 'print HeuristicPolicy.str()' to see all of the entries),0.866013464384683,0.875272240075542,20 x 20 dense matrix over Integer Ring (type 'print indepPolicy.str()' to see all of the entries),0.698282999466386,0.709277662619055,21 x 21 dense matrix over Integer Ring,0.780409951372417,0.790467034305276,"(2, 2, 2, 2, 2, 2, 2, 2, 2, 2, 2, 2, 2, 2, 2, 2, 2, 2, 2, 0)"
45.45614624870494,4.175425809446933,4.249474362478015,2,4,0.591888074394759,0.700074524456204,0.884851191188163,0.889886569470814,20 x 20 dense matrix over Integer Ring (type 'print HeuristicPolicy.str()' to see all of the entries),0.733993311489810,0.741569138923780,20 x 20 dense matrix over Integer Ring (type 'print indepPolicy.str()' to see all of the entries),0.695559226909041,0.681951040762184,21 x 21 dense matrix over Integer Ring,0.829429103423902,0.818672988760285,"(1, 2, 2, 2, 2, 2, 2, 2, 2, 2, 2, 2, 2, 2, 2, 0, 0, 0, 0, 0)"
33.41787469981263,3.7098730759723995,3.8467478747400956,4,3,0.698621444797514,0.643837583806187,1.03090719948720,0.917563065977100,20 x 20 dense matrix over Integer Ring (type 'print HeuristicPolicy.str()' to see all of the entries),0.942181598620678,0.912562918523051,20 x 20 dense matrix over Integer Ring (type 'print indepPolicy.str()' to see all of the entries),0.631478965622558,0.635752553159108,21 x 21 dense matrix over Integer Ring,0.750232779143223,0.774526540450091,"(1, 2, 2, 2, 2, 2, 2, 2, 2, 2, 2, 2, 2, 2, 2, 2, 2, 2, 2, 2)"
22.610310702192805,2.5533051273715515,4.112518767914846,2,4,0.687857174578413,0.757508073611914,0.679288775579489,0.704467542726441,20 x 20 dense matrix over Integer Ring (type 'print HeuristicPolicy.str()' to see all of the entries),0.574226567477186,0.571921263731293,20 x 20 dense matrix over Integer Ring (type 'print indepPolicy.str()' to see all of the entries),0.553925009397794,0.548013837440563,21 x 21 dense matrix over Integer Ring,0.739922572922482,0.750857101931071,"(2, 1, 2, 2, 2, 2, 2, 2, 2, 2, 2, 2, 2, 2, 2, 2, 2, 2, 2, 2)"
22.744809677004778,4.466016832618055,2.099568999197529,4,4,0.624433372670958,0.531035347453765,0.572797321170554,0.597145879319902,20 x 20 dense matrix over Integer Ring (type 'print HeuristicPolicy.str()' to see all of the entries),0.560762359382165,0.570024823380704,20 x 20 dense matrix over Integer Ring (type 'print indepPolicy.str()' to see all of the entries),0.477248220426592,0.484639205220214,21 x 21 dense matrix over Integer Ring,0.536266943004847,0.532328739640863,"(2, 2, 2, 2, 2, 2, 2, 2, 2, 2, 2, 2, 2, 2, 2, 2, 2, 2, 0, 2)"
22.55590745742967,3.0056446808143473,3.781587888877691,4,3,0.788772875843254,0.517221170811283,0.840382359488762,0.803786290153284,20 x 20 dense matrix over Integer Ring (type 'print HeuristicPolicy.str()' to see all of the entries),0.770658381722508,0.765298607733698,20 x 20 dense matrix over Integer Ring (type 'print indepPolicy.str()' to see all of the entries),0.520117888859060,0.524230429303111,21 x 21 dense matrix over Integer Ring,0.641458976754296,0.631337458305421,"(2, 1, 2, 1, 2, 2, 2, 2, 0, 1, 2, 1, 2, 2, 1, 1, 2, 1, 1, 2)"
23.633136483419083,4.622344369678023,3.1656594330852452,3,3,0.739089697724583,0.769624275104837,1.06856261983715,0.980465113659103,20 x 20 dense matrix over Integer Ring (type 'print HeuristicPolicy.str()' to see all of the entries),1.05246658401625,0.979650266343937,20 x 20 dense matrix over Integer Ring (type 'print indepPolicy.str()' to see all of the entries),0.606870086727236,0.613521368520336,21 x 21 dense matrix over Integer Ring,0.758676746011845,0.767243664098679,"(1, 1, 2, 2, 2, 2, 2, 2, 1, 2, 1, 2, 2, 0, 2, 1, 2, 2, 2, 2)"
37.43508538371589,2.3487994230777005,3.4549233971700186,4,3,0.507752635318552,0.646001633583653,0.816792216161111,0.838451273984010,20 x 20 dense matrix over Integer Ring (type 'print HeuristicPolicy.str()' to see all of the entries),0.815057540829119,0.817944174576001,20 x 20 dense matrix over Integer Ring (type 'print indepPolicy.str()' to see all of the entries),0.695105727169725,0.692777396155727,21 x 21 dense matrix over Integer Ring,0.755150788410847,0.783356628753478,"(1, 1, 2, 2, 2, 1, 2, 2, 2, 2, 2, 2, 1, 2, 1, 0, 1, 2, 2, 1)"
33.4504397857371,4.012459516306841,4.983595215337531,4,4,0.501651084282203,0.783320927933868,0.572351160227838,0.616223697132527,20 x 20 dense matrix over Integer Ring (type 'print HeuristicPolicy.str()' to see all of the entries),0.545264233137972,0.614032904163583,20 x 20 dense matrix over Integer Ring (type 'print indepPolicy.str()' to see all of the entries),0.431801333558532,0.428538253787214,21 x 21 dense matrix over Integer Ring,0.619040688297758,0.599806659022563,"(0, 2, 2, 1, 1, 2, 2, 2, 1, 2, 1, 2, 1, 1, 2, 1, 1, 1, 1, 1)"
29.035691758038396,3.1607497529133624,4.556293829399851,2,3,0.521224595345303,0.544112736967896,0.754304086790967,0.751207486888770,20 x 20 dense matrix over Integer Ring (type 'print HeuristicPolicy.str()' to see all of the entries),0.731798125701275,0.723680511645437,20 x 20 dense matrix over Integer Ring (type 'print indepPolicy.str()' to see all of the entries),0.535788626338845,0.532144097365027,21 x 21 dense matrix over Integer Ring,0.630946038770243,0.643932799605089,"(0, 0, 0, 0, 1, 1, 1, 2, 2, 1, 2, 2, 1, 1, 2, 1, 2, 2, 0, 0)"
21.36721287353913,4.261592980053458,4.929914074622431,2,4,0.620264526595754,0.611512011927077,0.561114218216517,0.616822973122240,20 x 20 dense matrix over Integer Ring (type 'print HeuristicPolicy.str()' to see all of the entries),0.515150568001520,0.573699330507200,20 x 20 dense matrix over Integer Ring (type 'print indepPolicy.str()' to see all of the entries),0.354074562425436,0.346674100287516,21 x 21 dense matrix over Integer Ring,0.530530180648792,0.513963838167670,"(2, 2, 2, 2, 2, 2, 2, 2, 2, 2, 2, 1, 2, 0, 0, 0, 0, 2, 1, 2)"
38.82850289242748,4.814343354797293,2.697860893510979,4,4,0.774628404899226,0.546777542705541,0.692930915820540,0.716212257185201,20 x 20 dense matrix over Integer Ring (type 'print HeuristicPolicy.str()' to see all of the entries),0.685010149827643,0.679084003477138,20 x 20 dense matrix over Integer Ring (type 'print indepPolicy.str()' to see all of the entries),0.650931886545734,0.652217164755953,21 x 21 dense matrix over Integer Ring,0.744921764433002,0.747998757120750,"(2, 2, 2, 2, 2, 2, 2, 2, 2, 2, 2, 1, 1, 2, 1, 0, 2, 2, 1, 2)"
31.140277119025612,4.808721771040426,4.923141449782935,2,2,0.610545110009175,0.794379077777208,1.01011207371290,0.989512880075882,20 x 20 dense matrix over Integer Ring (type 'print HeuristicPolicy.str()' to see all of the entries),0.940473219759879,0.951242486585356,20 x 20 dense matrix over Integer Ring (type 'print indepPolicy.str()' to see all of the entries),0.722553932781826,0.715216685936038,21 x 21 dense matrix over Integer Ring,0.864550736315470,0.841530514628657,"(2, 2, 2, 0, 2, 1, 2, 2, 1, 2, 1, 2, 1, 2, 1, 0, 0, 2, 2, 0)"
20.36481697161205,3.258309436517334,2.6628309922437703,2,3,0.782414050226682,0.675920580176792,0.971876254615944,0.970257291336083,20 x 20 dense matrix over Integer Ring (type 'print HeuristicPolicy.str()' to see all of the entries),0.810772105351397,0.814764756261066,20 x 20 dense matrix over Integer Ring (type 'print indepPolicy.str()' to see all of the entries),0.739671601033579,0.725562731695830,21 x 21 dense matrix over Integer Ring,0.851699984352208,0.848059820036943,"(1, 2, 2, 2, 2, 2, 2, 2, 1, 1, 2, 0, 2, 2, 1, 2, 2, 2, 1, 1)"
30.0102893457884,3.373081998518862,4.635409999808001,2,3,0.512291609415270,0.664651593699842,0.864258765874993,0.869917464174643,20 x 20 dense matrix over Integer Ring (type 'print HeuristicPolicy.str()' to see all of the entries),0.849064061011290,0.858784307134452,20 x 20 dense matrix over Integer Ring (type 'print indepPolicy.str()' to see all of the entries),0.570605740424925,0.582173444258479,21 x 21 dense matrix over Integer Ring,0.697168087810068,0.680409256487688,"(0, 1, 2, 1, 2, 2, 2, 2, 2, 0, 1, 2, 1, 2, 1, 1, 1, 0, 2, 0)"
40.126860367178594,3.3844018901061634,2.5963029884032207,3,4,0.579391825686820,0.560831494597407,0.823991229193278,0.876248422398118,20 x 20 dense matrix over Integer Ring (type 'print HeuristicPolicy.str()' to see all of the entries),0.727121795098529,0.720835009783862,20 x 20 dense matrix over Integer Ring (type 'print indepPolicy.str()' to see all of the entries),0.700704742052053,0.710265111930499,21 x 21 dense matrix over Integer Ring,0.754197186191923,0.743877003149373,"(0, 2, 2, 1, 2, 2, 0, 2, 2, 1, 2, 1, 2, 0, 2, 1, 1, 1, 1, 1)"
20.59431853920503,4.267261880214371,3.5602603877495413,3,3,0.536610628039640,0.650797495852424,0.885527494152908,0.824578039540934,20 x 20 dense matrix over Integer Ring (type 'print HeuristicPolicy.str()' to see all of the entries),0.870486635994720,0.802971069438581,20 x 20 dense matrix over Integer Ring (type 'print indepPolicy.str()' to see all of the entries),0.438001873460079,0.442414932084448,21 x 21 dense matrix over Integer Ring,0.554800116866763,0.553456534968231,"(2, 2, 2, 2, 2, 1, 2, 2, 2, 2, 0, 1, 1, 2, 0, 2, 2, 2, 1, 2)"
48.10467253324741,3.174934725039167,4.8851998302336614,3,4,0.567096869878361,0.768127262273598,0.875804933982095,0.880026666234357,20 x 20 dense matrix over Integer Ring (type 'print HeuristicPolicy.str()' to see all of the entries),0.691693839346142,0.686423918006403,20 x 20 dense matrix over Integer Ring (type 'print indepPolicy.str()' to see all of the entries),0.677995845341471,0.675988750611887,21 x 21 dense matrix over Integer Ring,0.832322014907304,0.846083018252206,"(1, 1, 1, 2, 1, 1, 0, 2, 2, 1, 2, 2, 2, 0, 2, 2, 2, 2, 2, 0)"
20.582081072727174,2.90885777263336,3.81924829105749,3,4,0.662004359413691,0.611915807427944,0.703736404437839,0.777433764731622,20 x 20 dense matrix over Integer Ring (type 'print HeuristicPolicy.str()' to see all of the entries),0.560621567585050,0.560852620105339,20 x 20 dense matrix over Integer Ring (type 'print indepPolicy.str()' to see all of the entries),0.444723903578236,0.451678011299184,21 x 21 dense matrix over Integer Ring,0.588080012112782,0.593036599136340,"(2, 2, 2, 2, 2, 2, 2, 2, 2, 2, 2, 2, 1, 2, 2, 1, 2, 2, 0, 1)"
42.62972079280644,4.769302237789268,4.121326550338681,3,3,0.514096113392260,0.650558594328046,0.949184269823326,0.873885558030604,20 x 20 dense matrix over Integer Ring (type 'print HeuristicPolicy.str()' to see all of the entries),0.865548421150274,0.847766185312514,20 x 20 dense matrix over Integer Ring (type 'print indepPolicy.str()' to see all of the entries),0.620411226934543,0.618594335250381,21 x 21 dense matrix over Integer Ring,0.716417801069611,0.712930664234131,"(1, 2, 1, 2, 0, 2, 2, 2, 2, 2, 2, 0, 1, 0, 0, 2, 2, 1, 2, 0)"
27.39925348713664,2.967191417199678,4.00058766198514,2,4,0.576326097386989,0.640164253582374,0.682814791932119,0.689399121464338,20 x 20 dense matrix over Integer Ring (type 'print HeuristicPolicy.str()' to see all of the entries),0.558785310613684,0.556048840231300,20 x 20 dense matrix over Integer Ring (type 'print indepPolicy.str()' to see all of the entries),0.545589731162365,0.547653851943413,21 x 21 dense matrix over Integer Ring,0.675590568634752,0.686841728233533,"(1, 2, 2, 2, 2, 1, 2, 1, 2, 2, 2, 1, 1, 1, 2, 2, 1, 1, 1, 2)"
26.20704296935737,4.0577687067280666,4.124884729132515,2,3,0.620499826763967,0.640743038913626,0.914840552072748,0.889848228410633,20 x 20 dense matrix over Integer Ring (type 'print HeuristicPolicy.str()' to see all of the entries),0.848916528629698,0.847209345360798,20 x 20 dense matrix over Integer Ring (type 'print indepPolicy.str()' to see all of the entries),0.573363000629741,0.576926227319933,21 x 21 dense matrix over Integer Ring,0.707824484251011,0.729541513463523,"(1, 2, 2, 2, 2, 2, 2, 0, 1, 2, 1, 1, 1, 2, 0, 0, 0, 1, 2, 2)"
